[
  {
    "id": "e1fc6bba-1c17-4492-bcbe-ee2e5488decd",
    "data": [
      {
        "text": "stop",
        "userDefined": false
      }
    ],
    "isTemplate": false,
    "count": 0,
    "updated": 0
  },
  {
    "id": "0ebf3d2d-3237-4bd1-8b3e-e6276ad6aba5",
    "data": [
      {
        "text": "off",
        "userDefined": false
      }
    ],
    "isTemplate": false,
    "count": 0,
    "updated": 0
  },
  {
    "id": "f39659a4-085c-4bb8-a9cd-aa824546de89",
    "data": [
      {
        "text": "shut up",
        "userDefined": false
      }
    ],
    "isTemplate": false,
    "count": 0,
    "updated": 0
  },
  {
    "id": "2ef86912-be3f-4426-8e9c-9b9951a49909",
    "data": [
      {
        "text": "silence",
        "userDefined": false
      }
    ],
    "isTemplate": false,
    "count": 0,
    "updated": 0
  },
  {
    "id": "4a908a6a-5e01-45b1-8b1c-581808422847",
    "data": [
      {
        "text": "stop it",
        "userDefined": false
      }
    ],
    "isTemplate": false,
    "count": 0,
    "updated": 0
  },
  {
    "id": "cd6d3094-4dd9-4c9b-873d-d6f4fcdd44b8",
    "data": [
      {
        "text": "stop please",
        "userDefined": false
      }
    ],
    "isTemplate": false,
    "count": 0,
    "updated": 0
  }
]