[
  {
    "id": "403348b0-f9e9-4c0e-85d4-ee4108a264d6",
    "data": [
      {
        "text": "no",
        "userDefined": false
      }
    ],
    "isTemplate": false,
    "count": 0,
    "updated": 0
  },
  {
    "id": "2748bf8f-b185-48ea-9183-ed05032076d1",
    "data": [
      {
        "text": "no thanks",
        "userDefined": false
      }
    ],
    "isTemplate": false,
    "count": 0,
    "updated": 0
  },
  {
    "id": "d0da9621-e6a8-4392-933d-83ec2c0c4689",
    "data": [
      {
        "text": "how about no",
        "userDefined": false
      }
    ],
    "isTemplate": false,
    "count": 0,
    "updated": 0
  },
  {
    "id": "7d93da2d-b022-4867-90e2-73b393076e05",
    "data": [
      {
        "text": "please no",
        "userDefined": false
      }
    ],
    "isTemplate": false,
    "count": 0,
    "updated": 0
  },
  {
    "id": "2b1031eb-bda6-4c5c-b290-7fb9ed7721b7",
    "data": [
      {
        "text": "don\u0027t",
        "userDefined": false
      }
    ],
    "isTemplate": false,
    "count": 0,
    "updated": 0
  },
  {
    "id": "fd0b05f0-2e05-46ae-a3b7-a55e41567a8e",
    "data": [
      {
        "text": "please don\u0027t",
        "userDefined": false
      }
    ],
    "isTemplate": false,
    "count": 0,
    "updated": 0
  },
  {
    "id": "22c56e91-3812-4d76-b17e-6cd2457c475c",
    "data": [
      {
        "text": "no thank you",
        "userDefined": false
      }
    ],
    "isTemplate": false,
    "count": 0,
    "updated": 0
  },
  {
    "id": "c5373535-0d52-407f-aff4-0f9290d3423e",
    "data": [
      {
        "text": "no that’s okay",
        "userDefined": false
      }
    ],
    "isTemplate": false,
    "count": 0,
    "updated": 0
  },
  {
    "id": "0a7afc79-c8d9-44c1-8a5f-5c4aa21f0ab8",
    "data": [
      {
        "text": "not at all",
        "userDefined": false
      }
    ],
    "isTemplate": false,
    "count": 0,
    "updated": 0
  },
  {
    "id": "ee40cd5a-ad1a-472d-9101-88b0f2ec6687",
    "data": [
      {
        "text": "no you are",
        "userDefined": false
      }
    ],
    "isTemplate": false,
    "count": 0,
    "updated": 0
  },
  {
    "id": "f9b595e4-a11b-4b48-95d6-da46eff5957d",
    "data": [
      {
        "text": "no your not",
        "userDefined": false
      }
    ],
    "isTemplate": false,
    "count": 0,
    "updated": 0
  },
  {
    "id": "ab2c0273-d251-4f01-b212-7b231e2d3f23",
    "data": [
      {
        "text": "i’m not interested",
        "userDefined": false
      }
    ],
    "isTemplate": false,
    "count": 0,
    "updated": 0
  },
  {
    "id": "4ddae467-5978-4731-b119-1f9726319c4d",
    "data": [
      {
        "text": "not interested",
        "userDefined": false
      }
    ],
    "isTemplate": false,
    "count": 0,
    "updated": 0
  },
  {
    "id": "515a7c2d-3a4e-4ce7-95be-c96144fd4ae4",
    "data": [
      {
        "text": "i don’t think so",
        "userDefined": false
      }
    ],
    "isTemplate": false,
    "count": 0,
    "updated": 0
  },
  {
    "id": "8b831a04-94e2-425c-bc18-48d2508f3f54",
    "data": [
      {
        "text": "no it isn’t",
        "userDefined": false
      }
    ],
    "isTemplate": false,
    "count": 0,
    "updated": 0
  },
  {
    "id": "b45094a2-608f-4221-bbb0-44fbbd6305d5",
    "data": [
      {
        "text": "no i cannot",
        "userDefined": false
      }
    ],
    "isTemplate": false,
    "count": 0,
    "updated": 0
  },
  {
    "id": "9322fe09-24e3-4a05-8837-ae8ca545db15",
    "data": [
      {
        "text": "no i don’t",
        "userDefined": false
      }
    ],
    "isTemplate": false,
    "count": 0,
    "updated": 0
  },
  {
    "id": "27089da7-ad95-4f53-b736-033fdea1727a",
    "data": [
      {
        "text": "i’m not",
        "userDefined": false
      }
    ],
    "isTemplate": false,
    "count": 0,
    "updated": 0
  },
  {
    "id": "c404b420-89c6-4df6-901c-0324a0948f50",
    "data": [
      {
        "text": "no that’s fine thank you",
        "userDefined": false
      }
    ],
    "isTemplate": false,
    "count": 0,
    "updated": 0
  },
  {
    "id": "6ec5dc54-c059-499a-8b44-7079f3e26fc7",
    "data": [
      {
        "text": "never",
        "userDefined": false
      }
    ],
    "isTemplate": false,
    "count": 0,
    "updated": 0
  },
  {
    "id": "b995253e-7f21-44cc-bbb2-f9982264bf64",
    "data": [
      {
        "text": "no no no no",
        "userDefined": false
      }
    ],
    "isTemplate": false,
    "count": 0,
    "updated": 0
  },
  {
    "id": "2c6a86b9-e8f3-4494-9ec8-120a69855d47",
    "data": [
      {
        "text": "no its not",
        "userDefined": false
      }
    ],
    "isTemplate": false,
    "count": 0,
    "updated": 0
  },
  {
    "id": "734f88b7-8840-4acc-bb12-bc634a699ecb",
    "data": [
      {
        "text": "no way",
        "userDefined": false
      }
    ],
    "isTemplate": false,
    "count": 0,
    "updated": 0
  },
  {
    "id": "ddc136ff-f6ae-444b-99d8-8ecaa9816b2a",
    "data": [
      {
        "text": "i said no",
        "userDefined": false
      }
    ],
    "isTemplate": false,
    "count": 0,
    "updated": 0
  },
  {
    "id": "d07d6ac7-2fcc-4c7f-8b69-e5d48fd7e618",
    "data": [
      {
        "text": "no not really",
        "userDefined": false
      }
    ],
    "isTemplate": false,
    "count": 0,
    "updated": 0
  },
  {
    "id": "37bfd69c-b2e7-47c5-bfa4-aa5178d7f108",
    "data": [
      {
        "text": "no i\u0027m not",
        "userDefined": false
      }
    ],
    "isTemplate": false,
    "count": 0,
    "updated": 0
  },
  {
    "id": "c6e117b3-9384-4828-8df6-5b0a60822cab",
    "data": [
      {
        "text": "of course not",
        "userDefined": false
      }
    ],
    "isTemplate": false,
    "count": 0,
    "updated": 0
  }
]