[
  {
    "id": "6846580a-b729-4e41-a1bd-66439e91ed80",
    "data": [
      {
        "text": "cancel",
        "userDefined": false
      }
    ],
    "isTemplate": false,
    "count": 0,
    "updated": 0
  },
  {
    "id": "0542aebf-f85a-4e3f-8f70-a0b36db9294c",
    "data": [
      {
        "text": "never mind",
        "userDefined": false
      }
    ],
    "isTemplate": false,
    "count": 0,
    "updated": 0
  },
  {
    "id": "451a9e16-b8aa-4510-ba9d-853b3b0f4025",
    "data": [
      {
        "text": "forget it",
        "userDefined": false
      }
    ],
    "isTemplate": false,
    "count": 0,
    "updated": 0
  },
  {
    "id": "dd54cd18-445e-49ed-a00c-6034327209a1",
    "data": [
      {
        "text": "dismiss",
        "userDefined": false
      }
    ],
    "isTemplate": false,
    "count": 0,
    "updated": 0
  },
  {
    "id": "d6dfeeb6-685e-4e83-951f-dd4424f8d2ea",
    "data": [
      {
        "text": "please cancel",
        "userDefined": false
      }
    ],
    "isTemplate": false,
    "count": 0,
    "updated": 0
  },
  {
    "id": "231fa864-0302-4cf8-8c14-56f198cfdbba",
    "data": [
      {
        "text": "abort",
        "userDefined": false
      }
    ],
    "isTemplate": false,
    "count": 0,
    "updated": 0
  },
  {
    "id": "605b38f1-8803-463c-9e13-eb4f62fc3171",
    "data": [
      {
        "text": "cancel it",
        "userDefined": false
      }
    ],
    "isTemplate": false,
    "count": 0,
    "updated": 0
  },
  {
    "id": "dc9666b8-4b82-46d8-87c3-0d0973a7b8cb",
    "data": [
      {
        "text": "dismissed",
        "userDefined": false
      }
    ],
    "isTemplate": false,
    "count": 0,
    "updated": 0
  },
  {
    "id": "7104d2ad-44e7-402f-81dd-22f62a012ed6",
    "data": [
      {
        "text": "disregard",
        "userDefined": false
      }
    ],
    "isTemplate": false,
    "count": 0,
    "updated": 0
  },
  {
    "id": "48ece89d-c40a-470e-944e-62e9366b85d8",
    "data": [
      {
        "text": "cancel everything",
        "userDefined": false
      }
    ],
    "isTemplate": false,
    "count": 0,
    "updated": 0
  },
  {
    "id": "92201078-2ca2-4203-a045-859adb305175",
    "data": [
      {
        "text": "cancel all",
        "userDefined": false
      }
    ],
    "isTemplate": false,
    "count": 0,
    "updated": 0
  },
  {
    "id": "5bb21f32-65cd-4f23-a607-9ceb5ada9bea",
    "data": [
      {
        "text": "ok leave it",
        "userDefined": false
      }
    ],
    "isTemplate": false,
    "count": 0,
    "updated": 0
  }
]