[
  {
    "id": "ce9e9e19-6a73-4730-b6ea-e7d6af547043",
    "data": [
      {
        "text": "help",
        "userDefined": false
      }
    ],
    "isTemplate": false,
    "count": 0,
    "updated": 0
  },
  {
    "id": "ce1000a6-0341-4592-9bf5-1ed862d8f141",
    "data": [
      {
        "text": "help me",
        "userDefined": false
      }
    ],
    "isTemplate": false,
    "count": 0,
    "updated": 0
  },
  {
    "id": "e517e302-f471-4a0a-8b4d-0458b4e3f638",
    "data": [
      {
        "text": "can you help me",
        "userDefined": false
      }
    ],
    "isTemplate": false,
    "count": 0,
    "updated": 0
  },
  {
    "id": "9868046b-5ace-463c-ac0c-6cfe7446220d",
    "data": [
      {
        "text": "what can you do",
        "userDefined": false
      }
    ],
    "isTemplate": false,
    "count": 0,
    "updated": 0
  },
  {
    "id": "b1207e96-7e6b-4383-9edd-a1d570bc5f2d",
    "data": [
      {
        "text": "what can I say",
        "userDefined": false
      }
    ],
    "isTemplate": false,
    "count": 0,
    "updated": 0
  },
  {
    "id": "9e3b70eb-68a6-46a7-b913-d798a1f3d60d",
    "data": [
      {
        "text": "help me with a problem",
        "userDefined": false
      }
    ],
    "isTemplate": false,
    "count": 0,
    "updated": 0
  },
  {
    "id": "b354f137-010c-4c7c-9a30-cdc386d8886a",
    "data": [
      {
        "text": "i need your help",
        "userDefined": false
      }
    ],
    "isTemplate": false,
    "count": 0,
    "updated": 0
  },
  {
    "id": "6d21ec19-9352-47a4-a66d-31d7b5ff1dea",
    "data": [
      {
        "text": "could you help me",
        "userDefined": false
      }
    ],
    "isTemplate": false,
    "count": 0,
    "updated": 0
  },
  {
    "id": "463d21a5-672f-4773-9bbb-730e019667d8",
    "data": [
      {
        "text": "i need some help",
        "userDefined": false
      }
    ],
    "isTemplate": false,
    "count": 0,
    "updated": 0
  },
  {
    "id": "5e79734f-d0ed-49e7-a921-8c3844c693ea",
    "data": [
      {
        "text": "will you help me",
        "userDefined": false
      }
    ],
    "isTemplate": false,
    "count": 0,
    "updated": 0
  },
  {
    "id": "720a0b8e-1533-43ff-8d42-5f854fb028fa",
    "data": [
      {
        "text": "can you help me out",
        "userDefined": false
      }
    ],
    "isTemplate": false,
    "count": 0,
    "updated": 0
  },
  {
    "id": "057b6303-6259-42ce-902f-5a7430346d26",
    "data": [
      {
        "text": "need help",
        "userDefined": false
      }
    ],
    "isTemplate": false,
    "count": 0,
    "updated": 0
  },
  {
    "id": "2a5daa0f-78db-4a9a-a48d-7b1fe755e2ac",
    "data": [
      {
        "text": "can you help me now",
        "userDefined": false
      }
    ],
    "isTemplate": false,
    "count": 0,
    "updated": 0
  },
  {
    "id": "1fe3a5e0-846f-428b-a8d3-2421fb0f75c4",
    "data": [
      {
        "text": "i want your help",
        "userDefined": false
      }
    ],
    "isTemplate": false,
    "count": 0,
    "updated": 0
  },
  {
    "id": "ada7fd0b-4b8f-4bca-aedf-5cd02515ec87",
    "data": [
      {
        "text": "would you help me",
        "userDefined": false
      }
    ],
    "isTemplate": false,
    "count": 0,
    "updated": 0
  }
]