[
  {
    "id": "c80d8d04-f1a4-4355-9e28-ac077ae0994c",
    "data": [
      {
        "text": "give me a quote by ",
        "userDefined": false
      },
      {
        "text": "name",
        "alias": "author",
        "meta": "@author",
        "userDefined": true
      }
    ],
    "isTemplate": false,
    "count": 0,
    "updated": 0
  },
  {
    "id": "502551e1-b384-4eaf-8211-1764ee2ea7b2",
    "data": [
      {
        "text": "give me a quote from ",
        "userDefined": false
      },
      {
        "text": "name",
        "alias": "author",
        "meta": "@author",
        "userDefined": true
      }
    ],
    "isTemplate": false,
    "count": 0,
    "updated": 0
  },
  {
    "id": "ee391229-63e8-4186-a244-273c36293ddd",
    "data": [
      {
        "text": "tell me a quote by ",
        "userDefined": false
      },
      {
        "text": "name",
        "alias": "author",
        "meta": "@author",
        "userDefined": true
      }
    ],
    "isTemplate": false,
    "count": 0,
    "updated": 0
  },
  {
    "id": "2b5c1cf9-3fe0-4d93-8c74-fd2c6454c780",
    "data": [
      {
        "text": "get me a quote by ",
        "userDefined": false
      },
      {
        "text": "name",
        "alias": "author",
        "meta": "@author",
        "userDefined": true
      }
    ],
    "isTemplate": false,
    "count": 0,
    "updated": 0
  },
  {
    "id": "fde445f6-858e-475f-bc06-861ee52d17be",
    "data": [
      {
        "text": "tell me a quote from ",
        "userDefined": false
      },
      {
        "text": "name",
        "alias": "author",
        "meta": "@author",
        "userDefined": true
      }
    ],
    "isTemplate": false,
    "count": 0,
    "updated": 0
  },
  {
    "id": "f26f0c23-e190-4af6-90ab-6d605be1a241",
    "data": [
      {
        "text": "get me a quote from ",
        "userDefined": false
      },
      {
        "text": "name",
        "alias": "author",
        "meta": "@author",
        "userDefined": true
      }
    ],
    "isTemplate": false,
    "count": 0,
    "updated": 0
  }
]