[
  {
    "id": "0dc52ac8-b0bb-4295-b402-c7a2b7e983e4",
    "data": [
      {
        "text": "get me a quote from ",
        "userDefined": false
      },
      {
        "text": "berkshire quotes",
        "meta": "@sys.ignore",
        "userDefined": true
      }
    ],
    "isTemplate": false,
    "count": 0,
    "updated": 0
  },
  {
    "id": "ac651054-c34f-458f-932c-4de3c0c15cbd",
    "data": [
      {
        "text": "tell me a quote from ",
        "userDefined": false
      },
      {
        "text": "berkshire quotes",
        "meta": "@sys.ignore",
        "userDefined": false
      }
    ],
    "isTemplate": false,
    "count": 0,
    "updated": 0
  },
  {
    "id": "b74f89fc-3cfd-4a48-a5c0-1e92bea6094d",
    "data": [
      {
        "text": "get a quote from ",
        "userDefined": false
      },
      {
        "text": "berkshire quotes",
        "meta": "@sys.ignore",
        "userDefined": false
      }
    ],
    "isTemplate": false,
    "count": 0,
    "updated": 0
  },
  {
    "id": "5c29f347-65e6-4bda-8a9f-b32b0f43c556",
    "data": [
      {
        "text": "get a quote on investment",
        "userDefined": false
      }
    ],
    "isTemplate": false,
    "count": 0,
    "updated": 0
  },
  {
    "id": "dbdad9bc-d8a0-45b3-8b92-9aa9924f14e4",
    "data": [
      {
        "text": "give me a quote on investment",
        "userDefined": false
      }
    ],
    "isTemplate": false,
    "count": 0,
    "updated": 0
  },
  {
    "id": "07f3ad5b-16ea-49c3-a464-838f85ddde3d",
    "data": [
      {
        "text": "get me a quote on investment",
        "userDefined": false
      }
    ],
    "isTemplate": false,
    "count": 0,
    "updated": 0
  },
  {
    "id": "4c5cef4f-d4e3-4584-98d8-02ef71f6848a",
    "data": [
      {
        "text": "give me a quote on the topic investing",
        "userDefined": false
      }
    ],
    "isTemplate": false,
    "count": 0,
    "updated": 0
  },
  {
    "id": "dd8119fa-b383-462b-82ca-822a038cc1a3",
    "data": [
      {
        "text": "get a quote on investing",
        "userDefined": false
      }
    ],
    "isTemplate": false,
    "count": 0,
    "updated": 0
  },
  {
    "id": "ce4d3edd-da9c-4287-9e8e-bae503d78c10",
    "data": [
      {
        "text": "get me a quote on the topic investing",
        "userDefined": false
      }
    ],
    "isTemplate": false,
    "count": 0,
    "updated": 0
  },
  {
    "id": "abc201e5-d885-4f70-9cf8-f732e6dae3f0",
    "data": [
      {
        "text": "give me a quote on investing",
        "userDefined": false
      }
    ],
    "isTemplate": false,
    "count": 1,
    "updated": 0
  },
  {
    "id": "863d6f94-546e-4348-8e25-28ac03fa0caa",
    "data": [
      {
        "text": "tell me a quote on investing",
        "userDefined": false
      }
    ],
    "isTemplate": false,
    "count": 0,
    "updated": 0
  }
]